size,msg,repetition,time
10,1,0,22789180
10,1,1,17944498
10,1,2,22741703
10,1,3,22021181
10,1,4,20090672
10,1,5,18722961
10,1,6,23195667
10,1,7,20682583
10,1,8,22662100
10,1,9,24747970
10,1,10,18742025
10,1,11,22307375
10,1,12,28782274
10,1,13,20862778
10,1,14,18766442
10,1,15,22781324
10,1,16,26447788
10,1,17,21316478
10,1,18,20736116
10,1,19,18848551
10,1,20,20513456
10,1,21,20209623
10,1,22,20307309
10,1,23,25074557
10,1,24,24610771
10,1,25,22312734
10,1,26,23053556
10,1,27,21326567
10,1,28,21593484
10,1,29,23228493
10,1,30,17402899
10,1,31,20481378
10,1,32,26766127
10,1,33,28510852
10,1,34,27906467
10,1,35,21408790
10,1,36,23177485
10,1,37,21642120
10,1,38,23160621
10,1,39,21298126
10,1,40,29127140
10,1,41,19647326
10,1,42,20761819
10,1,43,24079114
10,1,44,18592870
10,1,45,22849886
10,1,46,20669362
10,1,47,25526909
10,1,48,26403414
10,1,49,22093155
10,1,50,19388903
10,1,51,19371232
10,1,52,20789949
10,1,53,21278211
10,1,54,28284287
10,1,55,21811623
10,1,56,25905020
10,1,57,58206161
10,1,58,28592512
10,1,59,55855194
10,1,60,29414062
10,1,61,31353942
10,1,62,29485944
10,1,63,21947534
10,1,64,21541162
10,1,65,24802289
10,1,66,23317232
10,1,67,22519225
10,1,68,28013920
10,1,69,22769378
10,1,70,39606225
10,1,71,28424019
10,1,72,19410393
10,1,73,22345242
10,1,74,25712909
10,1,75,22328271
10,1,76,20781319
10,1,77,23281209
10,1,78,21516491
10,1,79,21937463
10,1,80,22520886
10,1,81,33111385
10,1,82,49326729
10,1,83,20306075
10,1,84,25271673
10,1,85,22575614
10,1,86,22540760
10,1,87,22267456
10,1,88,25184343
10,1,89,22560022
10,1,90,26817116
10,1,91,22357476
10,1,92,25517750
10,1,93,21072059
10,1,94,21213594
10,1,95,24442990
10,1,96,22017072
10,1,97,24758160
10,1,98,29656245
10,1,99,109484902
10,10,0,209896153
10,10,1,227109803
10,10,2,219675403
10,10,3,256716948
10,10,4,256633253
10,10,5,211870624
10,10,6,228064645
10,10,7,213381467
10,10,8,297585725
10,10,9,210517365
10,10,10,243739365
10,10,11,216152456
10,10,12,221866015
10,10,13,247864965
10,10,14,221869013
10,10,15,236963782
10,10,16,223105781
10,10,17,224560532
10,10,18,366627226
10,10,19,230552050
10,10,20,211004059
10,10,21,233744096
10,10,22,217226185
10,10,23,232836009
10,10,24,244645959
10,10,25,229167924
10,10,26,223793974
10,10,27,227574638
10,10,28,389578506
10,10,29,237698031
10,10,30,246867647
10,10,31,209066512
10,10,32,243998314
10,10,33,242285250
10,10,34,236467722
10,10,35,241298800
10,10,36,224308986
10,10,37,229952827
10,10,38,405092572
10,10,39,256826697
10,10,40,264351604
10,10,41,199726659
10,10,42,239758354
10,10,43,267972002
10,10,44,239377886
10,10,45,214146689
10,10,46,207477807
10,10,47,231382868
10,10,48,370909771
10,10,49,211040459
10,10,50,267490722
10,10,51,212423347
10,10,52,237581176
10,10,53,211792408
10,10,54,238346932
10,10,55,200202696
10,10,56,239234691
10,10,57,251897900
10,10,58,323676798
10,10,59,234279607
10,10,60,222304132
10,10,61,266165557
10,10,62,227848137
10,10,63,280661104
10,10,64,210113216
10,10,65,275660282
10,10,66,232390089
10,10,67,296909888
10,10,68,299829967
10,10,69,227325846
10,10,70,221218421
10,10,71,251393048
10,10,72,218943202
10,10,73,277177116
10,10,74,294645837
10,10,75,213578735
10,10,76,215792686
10,10,77,255883955
10,10,78,276975510
10,10,79,220286047
10,10,80,229731828
10,10,81,226051850
10,10,82,221515531
10,10,83,232500901
10,10,84,223839956
10,10,85,209335713
10,10,86,209382902
10,10,87,259898019
10,10,88,286807824
10,10,89,226026236
10,10,90,228861303
10,10,91,232501010
10,10,92,246688238
10,10,93,229866658
10,10,94,288024703
10,10,95,216173593
10,10,96,226919610
10,10,97,195936803
10,10,98,322355088
10,10,99,212630624
10,25,0,570072979
10,25,1,578733566
10,25,2,715901297
10,25,3,557328324
10,25,4,591473351
10,25,5,637003906
10,25,6,667725133
10,25,7,564907354
10,25,8,609236112
10,25,9,596285313
10,25,10,698261434
10,25,11,632059542
10,25,12,600938581
10,25,13,562772143
10,25,14,614730379
10,25,15,573368984
10,25,16,572236208
10,25,17,616336316
10,25,18,737409626
10,25,19,719661547
10,25,20,621888494
10,25,21,554238724
10,25,22,695326143
10,25,23,653423270
10,25,24,569784708
10,25,25,600996329
10,25,26,701878316
10,25,27,580088105
10,25,28,640690163
10,25,29,654800714
10,25,30,677294346
10,25,31,630556358
10,25,32,694034705
10,25,33,661106580
10,25,34,950506668
10,25,35,597994812
10,25,36,562266138
10,25,37,592759407
10,25,38,639425990
10,25,39,650750764
10,25,40,608189778
10,25,41,569943551
10,25,42,661418773
10,25,43,581912665
10,25,44,582510596
10,25,45,552356620
10,25,46,648934434
10,25,47,560011827
10,25,48,603581921
10,25,49,627496355
10,25,50,626924121
10,25,51,557142651
10,25,52,557078878
10,25,53,609002395
10,25,54,601318429
10,25,55,610100054
10,25,56,554013945
10,25,57,570231242
10,25,58,623421357
10,25,59,657811991
10,25,60,539410555
10,25,61,551342583
10,25,62,650107199
10,25,63,562401190
10,25,64,613211019
10,25,65,593898590
10,25,66,633340030
10,25,67,651881405
10,25,68,581101810
10,25,69,589138630
10,25,70,655314923
10,25,71,535414250
10,25,72,638265569
10,25,73,582532185
10,25,74,669131889
10,25,75,540781755
10,25,76,618816742
10,25,77,574096241
10,25,78,606963677
10,25,79,641782812
10,25,80,550875937
10,25,81,613614770
10,25,82,653900531
10,25,83,568396054
10,25,84,607778663
10,25,85,563173188
10,25,86,744705307
10,25,87,587987885
10,25,88,607738122
10,25,89,633831364
10,25,90,606839119
10,25,91,592182594
10,25,92,569382527
10,25,93,650568537
10,25,94,657983871
10,25,95,676465074
10,25,96,574304988
10,25,97,593356334
10,25,98,610872923
10,25,99,610449082
10,50,0,1325626831
10,50,1,1178178780
10,50,2,1236116972
10,50,3,1092828173
10,50,4,1187919798
10,50,5,1072170360
10,50,6,1267140930
10,50,7,1123578365
10,50,8,1152746113
10,50,9,1083820016
10,50,10,1498505744
10,50,11,1104041762
10,50,12,1273494882
10,50,13,1122435568
10,50,14,1299793951
10,50,15,1112786738
10,50,16,1268168387
10,50,17,1094993629
10,50,18,1278754344
10,50,19,1239188950
10,50,20,1277338699
10,50,21,1189732750
10,50,22,1212860338
10,50,23,1124461548
10,50,24,1218893726
10,50,25,1213555127
10,50,26,1205099462
10,50,27,1210650572
10,50,28,1290805706
10,50,29,1237301088
10,50,30,1403216057
10,50,31,1116073590
10,50,32,1330837704
10,50,33,1167216296
10,50,34,1267813421
10,50,35,1109443773
10,50,36,1173401516
10,50,37,1167504576
10,50,38,1295394015
10,50,39,1094268523
10,50,40,1327241126
10,50,41,1321050602
10,50,42,1340299090
10,50,43,1185200954
10,50,44,1346581754
10,50,45,1302373519
10,50,46,1221438076
10,50,47,1236922718
10,50,48,1326913897
10,50,49,1237968435
10,50,50,1197077458
10,50,51,1174234124
10,50,52,1355148438
10,50,53,1443825736
10,50,54,1425338567
10,50,55,1273717814
10,50,56,1268685722
10,50,57,1656207568
10,50,58,1400731548
10,50,59,1233350752
10,50,60,1354993236
10,50,61,1216530045
10,50,62,1310901359
10,50,63,1189905991
10,50,64,1245504188
10,50,65,1281424994
10,50,66,1455343247
10,50,67,1170092282
10,50,68,1263163478
10,50,69,1289381409
10,50,70,1263956998
10,50,71,1145984176
10,50,72,1256001881
10,50,73,1148237272
10,50,74,1186330918
10,50,75,1157305952
10,50,76,1303663903
10,50,77,1070996124
10,50,78,1414697945
10,50,79,1759472741
10,50,80,1760945178
10,50,81,1934714088
10,50,82,2080574619
10,50,83,1180889758
10,50,84,1348630719
10,50,85,1300780894
10,50,86,1258702553
10,50,87,1270675315
10,50,88,1261065362
10,50,89,1153807389
10,50,90,1279349839
10,50,91,1185965475
10,50,92,1216609365
10,50,93,1215200072
10,50,94,1186693508
10,50,95,1176503623
10,50,96,1297356479
10,50,97,1104346481
10,50,98,1225178693
10,50,99,1182813853
10,100,0,2670676561
10,100,1,2401936809
10,100,2,2467511303
10,100,3,2570648507
10,100,4,2424425741
10,100,5,2442883174
10,100,6,2376114619
10,100,7,2452950411
10,100,8,3294971139
10,100,9,2867050389
10,100,10,2888903926
10,100,11,2607485876
10,100,12,2688598569
10,100,13,2958470547
10,100,14,2866930336
10,100,15,2588551584
10,100,16,2483095586
10,100,17,2817595129
10,100,18,2563269163
10,100,19,2774052715
10,100,20,2727718943
10,100,21,2493903730
10,100,22,2937531677
10,100,23,2896867726
10,100,24,2759330437
10,100,25,2822719056
10,100,26,2609380983
10,100,27,3570261076
10,100,28,3370900083
10,100,29,3358974010
10,100,30,2907260790
10,100,31,2902016053
10,100,32,2520208213
10,100,33,2466860775
10,100,34,2525116131
10,100,35,2515091490
10,100,36,2440939760
10,100,37,2677192348
10,100,38,2495121414
10,100,39,2466297420
10,100,40,2604754412
10,100,41,2604296433
10,100,42,3502249654
10,100,43,3020919562
10,100,44,2555036075
10,100,45,2494283565
10,100,46,2985911035
10,100,47,3338531016
10,100,48,2809202855
10,100,49,2667114757
10,100,50,2555454208
10,100,51,2561431525
10,100,52,2810846232
10,100,53,2537591183
10,100,54,2552095092
10,100,55,2654320951
10,100,56,2449733577
10,100,57,2512464356
10,100,58,2589700385
10,100,59,2362308401
10,100,60,2927320014
10,100,61,2448702455
10,100,62,2450424174
10,100,63,2473062903
10,100,64,2592856611
10,100,65,2618722001
10,100,66,2533656588
10,100,67,2592994885
10,100,68,3096196379
10,100,69,2821907614
10,100,70,2584473282
10,100,71,2595020244
10,100,72,2540237079
10,100,73,2520146080
10,100,74,2541196619
10,100,75,2512819021
10,100,76,2356501142
10,100,77,2328166414
10,100,78,2394276532
10,100,79,2602328108
10,100,80,2553442816
10,100,81,2384120075
10,100,82,2735411910
10,100,83,2426505007
10,100,84,2440119882
10,100,85,2490357486
10,100,86,2484050476
10,100,87,2527390499
10,100,88,2271536434
10,100,89,2697232700
10,100,90,2671193779
10,100,91,2471553383
10,100,92,2434711659
10,100,93,2379835261
10,100,94,2668452144
10,100,95,2347643407
10,100,96,2418441548
10,100,97,2336740638
10,100,98,2348357921
10,100,99,2530393378
100,1,0,48642304
100,1,1,43169832
100,1,2,26506914
100,1,3,26991573
100,1,4,25414936
100,1,5,26465066
100,1,6,34038271
100,1,7,28615753
100,1,8,48442994
100,1,9,56207119
100,1,10,23346946
100,1,11,23673622
100,1,12,26950304
100,1,13,121722555
100,1,14,32013009
100,1,15,29804372
100,1,16,25634287
100,1,17,39079359
100,1,18,132988288
100,1,19,23687112
100,1,20,61862952
100,1,21,24208870
100,1,22,50221705
100,1,23,52417623
100,1,24,30394719
100,1,25,42934453
100,1,26,26395158
100,1,27,29112772
100,1,28,27385045
100,1,29,27739453
100,1,30,25041387
100,1,31,31171478
100,1,32,30184765
100,1,33,27047247
100,1,34,25771309
100,1,35,25321088
100,1,36,27706387
100,1,37,27777419
100,1,38,89150487
100,1,39,30090882
100,1,40,26684563
100,1,41,58570028
100,1,42,28526974
100,1,43,58576069
100,1,44,28951229
100,1,45,29629370
100,1,46,31264651
100,1,47,34747517
100,1,48,33873234
100,1,49,26355994
100,1,50,30665157
100,1,51,40445095
100,1,52,57638904
100,1,53,28435966
100,1,54,53073428
100,1,55,29450427
100,1,56,28413810
100,1,57,47483776
100,1,58,28577560
100,1,59,43243988
100,1,60,31520874
100,1,61,31904315
100,1,62,27156345
100,1,63,40719118
100,1,64,30764937
100,1,65,53263132
100,1,66,44339642
100,1,67,37691347
100,1,68,25685222
100,1,69,30293131
100,1,70,27101783
100,1,71,27697955
100,1,72,90345150
100,1,73,25791367
100,1,74,45128699
100,1,75,29951034
100,1,76,26231440
100,1,77,25124063
100,1,78,25557331
100,1,79,32312313
100,1,80,47913165
100,1,81,26148832
100,1,82,25816655
100,1,83,25598409
100,1,84,26969241
100,1,85,43254371
100,1,86,27631511
100,1,87,25743326
100,1,88,29885978
100,1,89,57250650
100,1,90,48271479
100,1,91,27867597
100,1,92,29165820
100,1,93,31533757
100,1,94,29063154
100,1,95,46872269
100,1,96,230624262
100,1,97,67425948
100,1,98,33648284
100,1,99,42214416
100,10,0,463862608
100,10,1,440050547
100,10,2,425592225
100,10,3,432056991
100,10,4,358801818
100,10,5,385428324
100,10,6,431349506
100,10,7,510798796
100,10,8,332284762
100,10,9,373417486
100,10,10,374727285
100,10,11,345442747
100,10,12,512470250
100,10,13,447789354
100,10,14,457227050
100,10,15,349423746
100,10,16,481738268
100,10,17,335336252
100,10,18,307290690
100,10,19,335278948
100,10,20,481162551
100,10,21,399437368
100,10,22,442284239
100,10,23,468713934
100,10,24,470179559
100,10,25,374706273
100,10,26,380210433
100,10,27,410362409
100,10,28,368619125
100,10,29,316358530
100,10,30,640153711
100,10,31,445697920
100,10,32,331617493
100,10,33,382736773
100,10,34,288424784
100,10,35,395275020
100,10,36,362682636
100,10,37,393604395
100,10,38,432702312
100,10,39,390632132
100,10,40,406619495
100,10,41,386305071
100,10,42,341655924
100,10,43,407146537
100,10,44,428922505
100,10,45,310057288
100,10,46,342468834
100,10,47,334787906
100,10,48,440858855
100,10,49,386716355
100,10,50,577455824
100,10,51,420472583
100,10,52,372517796
100,10,53,419421705
100,10,54,410425099
100,10,55,525262841
100,10,56,345739897
100,10,57,368151597
100,10,58,389852579
100,10,59,412231496
100,10,60,448302389
100,10,61,435769715
100,10,62,462581588
100,10,63,428442944
100,10,64,455140024
100,10,65,410581212
100,10,66,374383167
100,10,67,392293482
100,10,68,555085219
100,10,69,454122856
100,10,70,484485210
100,10,71,1005561890
100,10,72,1553825793
100,10,73,799383009
100,10,74,625972784
100,10,75,500392851
100,10,76,510144952
100,10,77,440830223
100,10,78,375973381
100,10,79,513786116
100,10,80,505219873
100,10,81,504097625
100,10,82,362642186
100,10,83,369868944
100,10,84,379721331
100,10,85,371652851
100,10,86,469689614
100,10,87,437781253
100,10,88,310946779
100,10,89,476055247
100,10,90,432130109
100,10,91,516225293
100,10,92,342776296
100,10,93,484431096
100,10,94,373920463
100,10,95,333533059
100,10,96,423261686
100,10,97,442383112
100,10,98,358819363
100,10,99,334996913
100,25,0,946709270
100,25,1,937919311
100,25,2,876018504
100,25,3,1080846120
100,25,4,1051301030
100,25,5,986649719
100,25,6,1000263481
100,25,7,978589838
100,25,8,1007610554
100,25,9,1200125153
100,25,10,1089898500
100,25,11,1075513374
100,25,12,859320535
100,25,13,959052861
100,25,14,891308091
100,25,15,1162263850
100,25,16,936046535
100,25,17,835625976
100,25,18,972240012
100,25,19,992494115
100,25,20,840465568
100,25,21,1014340364
100,25,22,1081906239
100,25,23,875806551
100,25,24,1013193817
100,25,25,975689243
100,25,26,1182370301
100,25,27,1097103749
100,25,28,966257636
100,25,29,952132106
100,25,30,901595940
100,25,31,1222086400
100,25,32,991392895
100,25,33,1041277789
100,25,34,1090376807
100,25,35,1237604787
100,25,36,986159229
100,25,37,1162078781
100,25,38,1046472909
100,25,39,1131102251
100,25,40,855498838
100,25,41,1066420065
100,25,42,943804551
100,25,43,985490806
100,25,44,1347314391
100,25,45,1065553066
100,25,46,1182862495
100,25,47,990569373
100,25,48,963930335
100,25,49,906404726
100,25,50,1035456925
100,25,51,1046895843
100,25,52,988143945
100,25,53,973509902
100,25,54,1204952422
100,25,55,941995247
100,25,56,997286060
100,25,57,966868621
100,25,58,936285579
100,25,59,1045917133
100,25,60,1034091557
100,25,61,1066055840
100,25,62,1089649701
100,25,63,1203980260
100,25,64,929481121
100,25,65,931096528
100,25,66,1060296893
100,25,67,989153552
100,25,68,912479252
100,25,69,861667801
100,25,70,907833438
100,25,71,1323636195
100,25,72,1381474942
100,25,73,2622721005
100,25,74,1521066182
100,25,75,1334491997
100,25,76,1193816596
100,25,77,1360588339
100,25,78,1283721255
100,25,79,1254872364
100,25,80,1259619785
100,25,81,1253983816
100,25,82,1170402839
100,25,83,1324950606
100,25,84,1138960692
100,25,85,1013173005
100,25,86,1047406320
100,25,87,1273953710
100,25,88,1974000919
100,25,89,1224617200
100,25,90,1353636599
100,25,91,1396949283
100,25,92,1407234252
100,25,93,1148700387
100,25,94,1189306926
100,25,95,1316363554
100,25,96,1214909616
100,25,97,1063716082
100,25,98,1233103205
100,25,99,1260261454
100,50,0,2686995439
100,50,1,2215142313
100,50,2,2373758126
100,50,3,2255659653
100,50,4,2337306259
100,50,5,2770683561
100,50,6,3021918463
100,50,7,2189974015
100,50,8,2029049264
100,50,9,2248554171
100,50,10,2201081828
100,50,11,2010806431
100,50,12,2040107370
100,50,13,1926018617
100,50,14,2186268393
100,50,15,2046148160
100,50,16,2116874467
100,50,17,1986204820
100,50,18,2090069914
100,50,19,1707428714
100,50,20,1893273495
100,50,21,1892018662
100,50,22,2017317199
100,50,23,2158595461
100,50,24,2016729499
100,50,25,2022143960
100,50,26,2034545038
100,50,27,1605247910
100,50,28,1946121220
100,50,29,2043854089
100,50,30,1812391207
100,50,31,1891351254
100,50,32,1801409714
100,50,33,2121670039
100,50,34,2148806311
100,50,35,1912764345
100,50,36,2170702977
100,50,37,2244108750
100,50,38,2705750742
100,50,39,3325939847
100,50,40,4453492596
100,50,41,3822235145
100,50,42,4148404531
100,50,43,3303506305
100,50,44,3728503816
100,50,45,3867796301
100,50,46,4350054286
100,50,47,3923220216
100,50,48,4379389288
100,50,49,4771110745
100,50,50,3861151653
100,50,51,3351561772
100,50,52,4678912268
100,50,53,4534309888
100,50,54,3255259028
100,50,55,1804244012
100,50,56,1883921989
100,50,57,2017590652
100,50,58,1863867610
100,50,59,1816671841
100,50,60,1819410811
100,50,61,1826326139
100,50,62,1985733774
100,50,63,1812415133
100,50,64,1742003781
100,50,65,1872109414
100,50,66,1900620192
100,50,67,1625589579
100,50,68,2932575077
100,50,69,1804192626
100,50,70,2002572507
100,50,71,1852109413
100,50,72,1775391835
100,50,73,1766575636
100,50,74,1868854191
100,50,75,1754796996
100,50,76,2042463349
100,50,77,1952533762
100,50,78,1984212622
100,50,79,2045999330
100,50,80,2008530607
100,50,81,1810305045
100,50,82,1912092079
100,50,83,1753810355
100,50,84,1759225553
100,50,85,1805848990
100,50,86,2084273133
100,50,87,1927072366
100,50,88,2129306892
100,50,89,1925928387
100,50,90,2051068262
100,50,91,2107429813
100,50,92,2186675384
100,50,93,1935357915
100,50,94,1977990821
100,50,95,2053228110
100,50,96,1991069826
100,50,97,2024245394
100,50,98,2376384853
100,50,99,1936709785
100,100,0,4307199161
100,100,1,3767522241
100,100,2,3914479031
100,100,3,3806435833
100,100,4,4202654875
100,100,5,4111055883
100,100,6,4423545521
100,100,7,4341247778
100,100,8,5160065974
100,100,9,4323497687
100,100,10,4194485812
100,100,11,4199203178
100,100,12,4223288802
100,100,13,4656917810
100,100,14,4448256027
100,100,15,4073571493
100,100,16,3774247724
100,100,17,4085235603
100,100,18,4736406702
100,100,19,4085631528
100,100,20,4252511643
100,100,21,3847386039
100,100,22,3989827125
100,100,23,4204096468
100,100,24,4091497000
100,100,25,4150145500
100,100,26,3826213932
100,100,27,4399591904
100,100,28,3780702978
100,100,29,4103265948
100,100,30,3934076743
100,100,31,4289000961
100,100,32,3990918979
100,100,33,3797438359
100,100,34,4144350142
100,100,35,4081267477
100,100,36,3671728478
100,100,37,3895631576
100,100,38,3839230556
100,100,39,3858246365
100,100,40,4056707421
100,100,41,3784558815
100,100,42,4070090153
100,100,43,4390053057
100,100,44,4010697537
100,100,45,4272306119
100,100,46,4115428447
100,100,47,3953892224
100,100,48,3882458291
100,100,49,3972835017
100,100,50,3704645732
100,100,51,3963003546
100,100,52,3756310598
100,100,53,3756298858
100,100,54,4123409514
100,100,55,3928442143
100,100,56,4029158166
100,100,57,5163265907
100,100,58,3802219572
100,100,59,4130671850
100,100,60,3813068124
100,100,61,3613585639
100,100,62,3798545043
100,100,63,4549142211
100,100,64,4653358264
100,100,65,4076156425
100,100,66,4053190719
100,100,67,4320573529
100,100,68,3988141812
100,100,69,5129670553
100,100,70,4147345149
100,100,71,4058196088
100,100,72,4022596408
100,100,73,4140183585
100,100,74,4238872472
100,100,75,4386750201
100,100,76,4174500425
100,100,77,3895860666
100,100,78,4231366068
100,100,79,4017014588
100,100,80,4342947473
100,100,81,4404682457
100,100,82,4131670049
100,100,83,4373987050
100,100,84,4978221709
100,100,85,4112887946
100,100,86,4393634489
100,100,87,3792275312
100,100,88,4561563391
100,100,89,4054652136
100,100,90,4100303190
100,100,91,4333429571
100,100,92,4809788131
100,100,93,4273240971
100,100,94,4099050200
100,100,95,4123421056
100,100,96,4264500372
100,100,97,4331702823
100,100,98,4483254589
100,100,99,4736009105
1000,1,0,35200071
1000,1,1,50795836
1000,1,2,48616560
1000,1,3,30532610
1000,1,4,44527489
1000,1,5,44296873
1000,1,6,65240517
1000,1,7,31765777
1000,1,8,40260493
1000,1,9,41084661
1000,1,10,29201868
1000,1,11,28074726
1000,1,12,48880786
1000,1,13,37237906
1000,1,14,43597011
1000,1,15,96853354
1000,1,16,38683861
1000,1,17,38269920
1000,1,18,73758241
1000,1,19,30482417
1000,1,20,27539560
1000,1,21,44537653
1000,1,22,32064899
1000,1,23,49548781
1000,1,24,36358171
1000,1,25,48735529
1000,1,26,30239707
1000,1,27,153963829
1000,1,28,59678210
1000,1,29,28793763
1000,1,30,68044772
1000,1,31,35772749
1000,1,32,28525868
1000,1,33,84307742
1000,1,34,333717969
1000,1,35,39413834
1000,1,36,32332605
1000,1,37,44655026
1000,1,38,84157874
1000,1,39,43971931
1000,1,40,24851707
1000,1,41,28144365
1000,1,42,29107364
1000,1,43,25941964
1000,1,44,37792270
1000,1,45,38586432
1000,1,46,29371341
1000,1,47,47701942
1000,1,48,41522697
1000,1,49,37049344
1000,1,50,29609151
1000,1,51,68875074
1000,1,52,67112325
1000,1,53,41899022
1000,1,54,28887680
1000,1,55,24335328
1000,1,56,29024095
1000,1,57,63266978
1000,1,58,26194393
1000,1,59,68981670
1000,1,60,30961373
1000,1,61,96787048
1000,1,62,32230239
1000,1,63,28744607
1000,1,64,82074533
1000,1,65,25511411
1000,1,66,31154874
1000,1,67,39613775
1000,1,68,30927586
1000,1,69,33303730
1000,1,70,39613972
1000,1,71,24886798
1000,1,72,26951261
1000,1,73,30879989
1000,1,74,52312711
1000,1,75,27482391
1000,1,76,61020777
1000,1,77,25653074
1000,1,78,54413407
1000,1,79,28430644
1000,1,80,26763429
1000,1,81,29393517
1000,1,82,27093121
1000,1,83,27016967
1000,1,84,50353133
1000,1,85,35001956
1000,1,86,53898543
1000,1,87,97222857
1000,1,88,34885321
1000,1,89,28472923
1000,1,90,33070808
1000,1,91,29025973
1000,1,92,103762959
1000,1,93,27835724
1000,1,94,26419479
1000,1,95,30028538
1000,1,96,47536027
1000,1,97,27765480
1000,1,98,26024256
1000,1,99,31945440
1000,10,0,356541510
1000,10,1,527005007
1000,10,2,338027387
1000,10,3,469757874
1000,10,4,441964195
1000,10,5,437101319
1000,10,6,352279517
1000,10,7,375842434
1000,10,8,392356893
1000,10,9,380258256
1000,10,10,427058886
1000,10,11,480391815
1000,10,12,437398662
1000,10,13,392600648
1000,10,14,548466434
1000,10,15,381504138
1000,10,16,429990731
1000,10,17,432143553
1000,10,18,331514961
1000,10,19,352812540
1000,10,20,405926810
1000,10,21,605242451
1000,10,22,339629498
1000,10,23,642261268
1000,10,24,358697035
1000,10,25,390976865
1000,10,26,364467948
1000,10,27,471108347
1000,10,28,400263428
1000,10,29,399538719
1000,10,30,479972620
1000,10,31,485154215
1000,10,32,570773291
1000,10,33,483183745
1000,10,34,386138937
1000,10,35,410922757
1000,10,36,338469302
1000,10,37,462263576
1000,10,38,380890921
1000,10,39,523118564
1000,10,40,314805970
1000,10,41,446745386
1000,10,42,445569706
1000,10,43,743140605
1000,10,44,481905605
1000,10,45,535010952
1000,10,46,427146967
1000,10,47,417200099
1000,10,48,499273913
1000,10,49,313256923
1000,10,50,440277000
1000,10,51,470536178
1000,10,52,438285651
1000,10,53,583203836
1000,10,54,680714501
1000,10,55,640800959
1000,10,56,413756964
1000,10,57,432332512
1000,10,58,419497029
1000,10,59,579340866
1000,10,60,410909914
1000,10,61,544194103
1000,10,62,429670496
1000,10,63,329577867
1000,10,64,551293818
1000,10,65,733179291
1000,10,66,375410948
1000,10,67,521219990
1000,10,68,346051863
1000,10,69,357655521
1000,10,70,425549630
1000,10,71,465613641
1000,10,72,523354036
1000,10,73,587286306
1000,10,74,582378354
1000,10,75,412790482
1000,10,76,374366717
1000,10,77,441102720
1000,10,78,572159822
1000,10,79,510301886
1000,10,80,477564400
1000,10,81,566195073
1000,10,82,454072637
1000,10,83,335773548
1000,10,84,449636015
1000,10,85,403223464
1000,10,86,406963634
1000,10,87,508987934
1000,10,88,388758760
1000,10,89,375771438
1000,10,90,449510658
1000,10,91,499302324
1000,10,92,358296761
1000,10,93,329627284
1000,10,94,332723300
1000,10,95,395565683
1000,10,96,324207827
1000,10,97,423616841
1000,10,98,328749842
1000,10,99,384984773
1000,25,0,991140102
1000,25,1,919773774
1000,25,2,919661420
1000,25,3,1127014943
1000,25,4,1056783731
1000,25,5,966615774
1000,25,6,1063174568
1000,25,7,1016117071
1000,25,8,1080785182
1000,25,9,987129461
1000,25,10,930755941
1000,25,11,1015411112
1000,25,12,1008057553
1000,25,13,935500829
1000,25,14,845621710
1000,25,15,1053941754
1000,25,16,884649016
1000,25,17,847425477
1000,25,18,969435754
1000,25,19,955086041
1000,25,20,887197436
1000,25,21,969909305
1000,25,22,1027052839
1000,25,23,1035567520
1000,25,24,992248610
1000,25,25,884117205
1000,25,26,878733497
1000,25,27,1099888194
1000,25,28,984261991
1000,25,29,875751798
1000,25,30,807787910
1000,25,31,1146105476
1000,25,32,861859974
1000,25,33,1023564848
1000,25,34,1049902840
1000,25,35,1021086912
1000,25,36,1095353061
1000,25,37,930203124
1000,25,38,940280701
1000,25,39,1085371322
1000,25,40,1090889301
1000,25,41,934837050
1000,25,42,832390647
1000,25,43,1017393412
1000,25,44,1035657557
1000,25,45,914085674
1000,25,46,971265434
1000,25,47,1178286093
1000,25,48,1067204091
1000,25,49,882022826
1000,25,50,1050077199
1000,25,51,939781548
1000,25,52,896751155
1000,25,53,983380120
1000,25,54,859565567
1000,25,55,933476551
1000,25,56,1179902474
1000,25,57,1071348236
1000,25,58,1112678719
1000,25,59,1330938326
1000,25,60,1074274086
1000,25,61,1063068799
1000,25,62,1227590563
1000,25,63,1253938901
1000,25,64,1381590327
1000,25,65,1644533555
1000,25,66,2261441727
1000,25,67,1380530388
1000,25,68,1361422477
1000,25,69,1213732169
1000,25,70,1022901473
1000,25,71,1124144341
1000,25,72,1166609647
1000,25,73,1075605316
1000,25,74,1382818691
1000,25,75,1739247107
1000,25,76,1327617782
1000,25,77,2662697179
1000,25,78,1279744017
1000,25,79,1436242725
1000,25,80,1338313045
1000,25,81,1534149281
1000,25,82,1521826016
1000,25,83,1472318395
1000,25,84,1442634590
1000,25,85,1164937692
1000,25,86,1416519702
1000,25,87,1675394795
1000,25,88,1100359866
1000,25,89,1175738057
1000,25,90,1139833431
1000,25,91,1419227047
1000,25,92,1063140287
1000,25,93,1207674146
1000,25,94,1067523048
1000,25,95,1361782038
1000,25,96,1901474751
1000,25,97,1502322333
1000,25,98,1393137442
1000,25,99,1416198318
1000,50,0,1741172760
1000,50,1,2105781530
1000,50,2,1873254958
1000,50,3,1837528753
1000,50,4,1956661396
1000,50,5,2103482271
1000,50,6,2032546753
1000,50,7,1955732379
1000,50,8,1952266697
1000,50,9,1850075343
1000,50,10,1881316546
1000,50,11,1935093845
1000,50,12,1963136064
1000,50,13,2179986939
1000,50,14,1980605272
1000,50,15,1833118814
1000,50,16,1744163257
1000,50,17,1804646819
1000,50,18,1732502382
1000,50,19,1880242955
1000,50,20,1850040397
1000,50,21,1739529710
1000,50,22,1966597453
1000,50,23,1992063548
1000,50,24,2260182143
1000,50,25,2171647028
1000,50,26,2153068917
1000,50,27,2180606324
1000,50,28,2058383492
1000,50,29,1964248097
1000,50,30,2103745626
1000,50,31,2317834553
1000,50,32,2097588317
1000,50,33,2283776157
1000,50,34,2081584124
1000,50,35,2221539948
1000,50,36,1959839795
1000,50,37,1707389012
1000,50,38,2222304019
1000,50,39,2100036229
1000,50,40,1879151893
1000,50,41,1885747526
1000,50,42,1928574193
1000,50,43,2175467180
1000,50,44,2151227375
1000,50,45,1864732771
1000,50,46,2218570928
1000,50,47,2237428928
1000,50,48,1847255748
1000,50,49,1960115932
1000,50,50,1993594833
1000,50,51,1994290597
1000,50,52,2176416088
1000,50,53,1831634120
1000,50,54,1977921143
1000,50,55,1890766665
1000,50,56,2135247691
1000,50,57,2172825969
1000,50,58,2554387726
1000,50,59,2062120151
1000,50,60,2079367265
1000,50,61,2177516538
1000,50,62,2196021492
1000,50,63,2038969895
1000,50,64,2276142950
1000,50,65,1855087033
1000,50,66,2365549112
1000,50,67,2196944090
1000,50,68,2353620292
1000,50,69,2205354672
1000,50,70,2196057419
1000,50,71,1880944687
1000,50,72,2343007737
1000,50,73,2345219806
1000,50,74,2449728487
1000,50,75,2128174462
1000,50,76,2586380551
1000,50,77,2189044562
1000,50,78,2067548256
1000,50,79,2030939483
1000,50,80,2396996447
1000,50,81,1893356542
1000,50,82,2009265918
1000,50,83,2274107421
1000,50,84,2120260793
1000,50,85,1980568667
1000,50,86,1855740011
1000,50,87,1818847947
1000,50,88,2347940961
1000,50,89,1726289182
1000,50,90,2111213683
1000,50,91,1703213985
1000,50,92,2043367607
1000,50,93,1961300408
1000,50,94,1837114933
1000,50,95,1881877217
1000,50,96,1829433377
1000,50,97,1901384309
1000,50,98,2070260415
1000,50,99,2184737132
1000,100,0,4163100547
1000,100,1,4095253445
1000,100,2,3656731394
1000,100,3,4019905569
1000,100,4,3717276727
1000,100,5,4067647660
1000,100,6,3368092455
1000,100,7,3716283080
1000,100,8,3957239467
1000,100,9,4311889321
1000,100,10,6238535150
1000,100,11,6095709574
1000,100,12,7634500101
1000,100,13,5898469473
1000,100,14,4899506987
1000,100,15,6198378174
1000,100,16,4223096369
1000,100,17,4845888329
1000,100,18,4254765123
1000,100,19,4297384749
1000,100,20,4265233128
1000,100,21,3973056464
1000,100,22,3472183257
1000,100,23,3839344478
1000,100,24,4028174504
1000,100,25,3683955226
1000,100,26,3760152085
1000,100,27,3678851303
1000,100,28,3904752873
1000,100,29,3585661017
1000,100,30,3931435699
1000,100,31,3843411723
1000,100,32,3767159507
1000,100,33,3868951627
1000,100,34,3497041481
1000,100,35,3903750466
1000,100,36,4093686100
1000,100,37,5158598504
1000,100,38,4535227104
1000,100,39,5406869106
1000,100,40,4582416361
1000,100,41,5036402762
1000,100,42,5085195755
1000,100,43,4148050711
1000,100,44,4291341701
1000,100,45,4473873070
1000,100,46,4272996565
1000,100,47,4851648450
1000,100,48,5251738092
1000,100,49,3854048542
1000,100,50,3921869705
1000,100,51,4036413947
1000,100,52,4255626077
1000,100,53,3778976000
1000,100,54,4282267042
1000,100,55,4101890156
1000,100,56,4091800920
1000,100,57,3935771483
1000,100,58,4202756180
1000,100,59,4070369488
1000,100,60,3852496433
1000,100,61,3874649766
1000,100,62,4826679770
1000,100,63,3820420189
1000,100,64,5342352665
1000,100,65,4326616841
1000,100,66,4761107699
1000,100,67,3908122497
1000,100,68,4563171980
1000,100,69,4658555186
1000,100,70,3734027522
1000,100,71,4430788354
1000,100,72,4246667263
1000,100,73,4451148787
1000,100,74,3646715506
1000,100,75,4610343568
1000,100,76,5135328111
1000,100,77,3846007454
1000,100,78,4679240020
1000,100,79,4067870857
1000,100,80,4053434187
1000,100,81,4048892104
1000,100,82,3926235653
1000,100,83,5371149098
1000,100,84,3634016969
1000,100,85,3907589449
1000,100,86,3912305461
1000,100,87,3848862527
1000,100,88,3715866177
1000,100,89,3796854631
1000,100,90,4221038012
1000,100,91,4255171091
1000,100,92,3974034336
1000,100,93,4365533717
1000,100,94,4394297802
1000,100,95,3995032201
1000,100,96,4222382599
1000,100,97,4755900120
1000,100,98,3955050378
1000,100,99,4410051881
10000,1,0,38517681
10000,1,1,35059702
10000,1,2,37894448
10000,1,3,39910980
10000,1,4,36276416
10000,1,5,43275569
10000,1,6,45417598
10000,1,7,78181498
10000,1,8,30988660
10000,1,9,45453969
10000,1,10,90234944
10000,1,11,45568036
10000,1,12,43323855
10000,1,13,40724869
10000,1,14,92063303
10000,1,15,97003409
10000,1,16,100320006
10000,1,17,30561257
10000,1,18,71474737
10000,1,19,119107514
10000,1,20,30874722
10000,1,21,33412298
10000,1,22,101366647
10000,1,23,75823508
10000,1,24,108912667
10000,1,25,51881345
10000,1,26,32528461
10000,1,27,69338013
10000,1,28,72057103
10000,1,29,31907166
10000,1,30,45854558
10000,1,31,34306293
10000,1,32,35145272
10000,1,33,43584768
10000,1,34,53745601
10000,1,35,73237811
10000,1,36,35328991
10000,1,37,39610351
10000,1,38,33885167
10000,1,39,45646456
10000,1,40,53577018
10000,1,41,124315405
10000,1,42,38622952
10000,1,43,143631232
10000,1,44,34715147
10000,1,45,34754788
10000,1,46,49089686
10000,1,47,40946143
10000,1,48,46501617
10000,1,49,32636771
10000,1,50,34137947
10000,1,51,37674830
10000,1,52,37159447
10000,1,53,40413594
10000,1,54,49793614
10000,1,55,101214808
10000,1,56,32148381
10000,1,57,39174125
10000,1,58,78118598
10000,1,59,152210766
10000,1,60,32410984
10000,1,61,60408530
10000,1,62,25537495
10000,1,63,113549530
10000,1,64,42550664
10000,1,65,121330398
10000,1,66,37269879
10000,1,67,34346142
10000,1,68,51338354
10000,1,69,64614195
10000,1,70,76623839
10000,1,71,156631497
10000,1,72,76161651
10000,1,73,57906043
10000,1,74,46277151
10000,1,75,65382542
10000,1,76,47313942
10000,1,77,32962876
10000,1,78,32213298
10000,1,79,63837690
10000,1,80,79049368
10000,1,81,35443324
10000,1,82,94132832
10000,1,83,59587330
10000,1,84,34666597
10000,1,85,36718830
10000,1,86,31254960
10000,1,87,65853790
10000,1,88,35796599
10000,1,89,205423375
10000,1,90,56622056
10000,1,91,40044822
10000,1,92,51772805
10000,1,93,41225117
10000,1,94,149264964
10000,1,95,82089720
10000,1,96,85402557
10000,1,97,46637197
10000,1,98,33930180
10000,1,99,79576210
10000,10,0,868717682
10000,10,1,690722290
10000,10,2,619616276
10000,10,3,717959326
10000,10,4,673309988
10000,10,5,534270020
10000,10,6,593907557
10000,10,7,623092049
10000,10,8,660940979
10000,10,9,663739905
10000,10,10,454825078
10000,10,11,660951259
10000,10,12,568405436
10000,10,13,588323584
10000,10,14,1250149155
10000,10,15,653334602
10000,10,16,547014672
10000,10,17,722081546
10000,10,18,903051580
10000,10,19,747705086
10000,10,20,505414317
10000,10,21,679788560
10000,10,22,661917189
10000,10,23,780582642
10000,10,24,688433380
10000,10,25,1325018030
10000,10,26,848488757
10000,10,27,752981274
10000,10,28,495610011
10000,10,29,987633178
10000,10,30,751815940
10000,10,31,518054119
10000,10,32,486744225
10000,10,33,622754479
10000,10,34,724978917
10000,10,35,862780890
10000,10,36,861441465
10000,10,37,614229843
10000,10,38,521036811
10000,10,39,1735230799
10000,10,40,658939949
10000,10,41,453308781
10000,10,42,454705264
10000,10,43,640756135
10000,10,44,423440921
10000,10,45,429054961
10000,10,46,652803426
10000,10,47,611596669
10000,10,48,546557662
10000,10,49,671475128
10000,10,50,644379964
10000,10,51,582063886
10000,10,52,430227047
10000,10,53,573419908
10000,10,54,379475744
10000,10,55,535241102
10000,10,56,579239303
10000,10,57,497501840
10000,10,58,371599891
10000,10,59,531735453
10000,10,60,430388778
10000,10,61,491031242
10000,10,62,695704059
10000,10,63,493779432
10000,10,64,564230877
10000,10,65,450390195
10000,10,66,577506722
10000,10,67,725146972
10000,10,68,632562675
10000,10,69,644824598
10000,10,70,531209376
10000,10,71,419512837
10000,10,72,800574459
10000,10,73,641711914
10000,10,74,555045243
10000,10,75,531896180
10000,10,76,457571687
10000,10,77,602551145
10000,10,78,583959876
10000,10,79,471408661
10000,10,80,615087444
10000,10,81,639272322
10000,10,82,562599341
10000,10,83,534154964
10000,10,84,533475583
10000,10,85,581862560
10000,10,86,461983564
10000,10,87,530579311
10000,10,88,540017997
10000,10,89,592864209
10000,10,90,381753893
10000,10,91,489430912
10000,10,92,448049655
10000,10,93,542632073
10000,10,94,531432901
10000,10,95,667268651
10000,10,96,633887037
10000,10,97,670856425
10000,10,98,673076396
10000,10,99,485086369
10000,25,0,1265088345
10000,25,1,1167433985
10000,25,2,1511182673
10000,25,3,1694249644
10000,25,4,1309997510
10000,25,5,1457694713
10000,25,6,1285655844
10000,25,7,1434804240
10000,25,8,1520713418
10000,25,9,935901820
10000,25,10,1343449608
10000,25,11,1242784768
10000,25,12,1713679599
10000,25,13,1601545333
10000,25,14,1427062238
10000,25,15,1226514731
10000,25,16,1643137071
10000,25,17,1411670866
10000,25,18,1545359552
10000,25,19,1406789189
10000,25,20,1551135761
10000,25,21,1349564647
10000,25,22,1738779475
10000,25,23,1655229483
10000,25,24,1421358364
10000,25,25,1248002940
10000,25,26,2236923902
10000,25,27,1771517620
10000,25,28,1787697598
10000,25,29,2002381743
10000,25,30,1412615148
10000,25,31,1504700521
10000,25,32,1764385517
10000,25,33,1438676191
10000,25,34,3153949250
10000,25,35,2673427902
10000,25,36,2216789272
10000,25,37,2812892168
10000,25,38,2427587447
10000,25,39,2223564303
10000,25,40,1921228911
10000,25,41,1244008904
10000,25,42,2582701512
10000,25,43,2150274758
10000,25,44,1625020300
10000,25,45,1957827531
10000,25,46,1370700799
10000,25,47,1432313459
10000,25,48,1761928995
10000,25,49,1678159253
10000,25,50,1361908406
10000,25,51,1124999035
10000,25,52,1758551291
10000,25,53,1210104680
10000,25,54,1149428063
10000,25,55,1729101986
10000,25,56,1487688997
10000,25,57,1033596147
10000,25,58,983984060
10000,25,59,1230683998
10000,25,60,1451427797
10000,25,61,1417198731
10000,25,62,1469840625
10000,25,63,1656221544
10000,25,64,1688865841
10000,25,65,1378614339
10000,25,66,1417071306
10000,25,67,1510929855
10000,25,68,1765956502
10000,25,69,1160916032
10000,25,70,1074107279
10000,25,71,1273258194
10000,25,72,1488712387
10000,25,73,1389627091
10000,25,74,1218331716
10000,25,75,1508296956
10000,25,76,1291190725
10000,25,77,1328182195
10000,25,78,1299297663
10000,25,79,1374033888
10000,25,80,1703242151
10000,25,81,1258007937
10000,25,82,1773494385
10000,25,83,1440121170
10000,25,84,1463939373
10000,25,85,1090177416
10000,25,86,1196593943
10000,25,87,1716156340
10000,25,88,1418141962
10000,25,89,1494753329
10000,25,90,2640523662
10000,25,91,1756451824
10000,25,92,1515337071
10000,25,93,1443739376
10000,25,94,1282967784
10000,25,95,1519934481
10000,25,96,1619656705
10000,25,97,1194042989
10000,25,98,1427184128
10000,25,99,1051998348
10000,50,0,4783082542
10000,50,1,3326880090
10000,50,2,2955764457
10000,50,3,3854338260
10000,50,4,3071617809
10000,50,5,3085620250
10000,50,6,2992471863
10000,50,7,3318063160
10000,50,8,3815500533
10000,50,9,4001473010
10000,50,10,3176694400
10000,50,11,4047835474
10000,50,12,4294490044
10000,50,13,3885348477
10000,50,14,3052875080
10000,50,15,3574831467
10000,50,16,3179685311
10000,50,17,3665382153
10000,50,18,3001784964
10000,50,19,2996528557
10000,50,20,2749856569
10000,50,21,3155627283
10000,50,22,3145989791
10000,50,23,3367225999
10000,50,24,2996646705
10000,50,25,3000341008
10000,50,26,2865368714
10000,50,27,2728477870
10000,50,28,3020534425
10000,50,29,3106453459
10000,50,30,3590276218
10000,50,31,2774547968
10000,50,32,3431668957
10000,50,33,2708801115
10000,50,34,2954138974
10000,50,35,2969631630
10000,50,36,3049137829
10000,50,37,3228171676
10000,50,38,2703571386
10000,50,39,2388329444
10000,50,40,2869115980
10000,50,41,3152219247
10000,50,42,2789808231
10000,50,43,2809274332
10000,50,44,2854710840
10000,50,45,2871880894
10000,50,46,2661339238
10000,50,47,2664246307
10000,50,48,3076614262
10000,50,49,3207292473
10000,50,50,2541251252
10000,50,51,2443433245
10000,50,52,2824808650
10000,50,53,2685637836
10000,50,54,2351583846
10000,50,55,3204358513
10000,50,56,2818980722
10000,50,57,3094810965
10000,50,58,2604575846
10000,50,59,2835530442
10000,50,60,3241163617
10000,50,61,2973053462
10000,50,62,2935025886
10000,50,63,3167936828
10000,50,64,2558378160
10000,50,65,2780126647
10000,50,66,2953391408
10000,50,67,2876822771
10000,50,68,3771458048
10000,50,69,3837837595
10000,50,70,2541708596
10000,50,71,4143336986
10000,50,72,3425732589
10000,50,73,3780717643
10000,50,74,2403139259
10000,50,75,3767958329
10000,50,76,3788027760
10000,50,77,3291880365
10000,50,78,3066611338
10000,50,79,2554716291
10000,50,80,3107525666
10000,50,81,2825434383
10000,50,82,2708145485
10000,50,83,3492968813
10000,50,84,2605643538
10000,50,85,3199653500
10000,50,86,3142549271
10000,50,87,3496111017
10000,50,88,3493168665
10000,50,89,3931632615
10000,50,90,3424547444
10000,50,91,2588667460
10000,50,92,2801237381
10000,50,93,3104461657
10000,50,94,2710024111
10000,50,95,2871283958
10000,50,96,2779299582
10000,50,97,3521682002
10000,50,98,2481389391
10000,50,99,2884846745
10000,100,0,6212787411
10000,100,1,6617264929
10000,100,2,6274791964
10000,100,3,6383381864
10000,100,4,5366070001
10000,100,5,5958702219
10000,100,6,5931335426
10000,100,7,7153027493
10000,100,8,5685742203
10000,100,9,5383615103
10000,100,10,6267215583
10000,100,11,7157814609
10000,100,12,5375918170
10000,100,13,5884590676
10000,100,14,5715348269
10000,100,15,6086016386
10000,100,16,5362361141
10000,100,17,5633793044
10000,100,18,5139369291
10000,100,19,5367250174
10000,100,20,6961136101
10000,100,21,5473937877
10000,100,22,5658750210
10000,100,23,5713511834
10000,100,24,6177889190
10000,100,25,6222713892
10000,100,26,5515267237
10000,100,27,5970960899
10000,100,28,6144078368
10000,100,29,5740233333
10000,100,30,7936773313
10000,100,31,7130467257
10000,100,32,7013790107
10000,100,33,8235123051
10000,100,34,6446365006
10000,100,35,6483816630
10000,100,36,6326994876
10000,100,37,7314043386
10000,100,38,7065567593
10000,100,39,6442940957
10000,100,40,7713341308
10000,100,41,9086871848
10000,100,42,6572286473
10000,100,43,5892091970
10000,100,44,6369401875
10000,100,45,5640720483
10000,100,46,6256041127
10000,100,47,6844861819
10000,100,48,5492863710
10000,100,49,5744128937
10000,100,50,5926772761
10000,100,51,6929058050
10000,100,52,7377866255
10000,100,53,6060786290
10000,100,54,5538591155
10000,100,55,6050387492
10000,100,56,6068128265
10000,100,57,6307473146
10000,100,58,6237427980
10000,100,59,7116108374
10000,100,60,6326870761
10000,100,61,5869616646
10000,100,62,6105986544
10000,100,63,6630798002
10000,100,64,6066833368
10000,100,65,5857496281
10000,100,66,6492900413
10000,100,67,6617970177
10000,100,68,5244378106
10000,100,69,6052932943
10000,100,70,6678530959
10000,100,71,6764605107
10000,100,72,6068763259
10000,100,73,7221491403
10000,100,74,7783599610
10000,100,75,6161038584
10000,100,76,5697037454
10000,100,77,5792100731
10000,100,78,6478809388
10000,100,79,7753797221
10000,100,80,6884525500
10000,100,81,7684926107
10000,100,82,7720672329
10000,100,83,6511715410
10000,100,84,6091461037
10000,100,85,7090737216
10000,100,86,7658978185
10000,100,87,6122078806
10000,100,88,7240487175
10000,100,89,5465498913
10000,100,90,7031997181
10000,100,91,7105583970
10000,100,92,6786322802
10000,100,93,6661096743
10000,100,94,6661793379
10000,100,95,6309653181
10000,100,96,7365647982
10000,100,97,7310252600
10000,100,98,5922979132
10000,100,99,5946954671
100000,1,0,140131661
100000,1,1,128107358
100000,1,2,89031910
100000,1,3,104504315
100000,1,4,130886041
100000,1,5,90400681
100000,1,6,129337201
100000,1,7,101283704
100000,1,8,118360755
100000,1,9,105639578
100000,1,10,89020857
100000,1,11,94108693
100000,1,12,124165519
100000,1,13,121426483
100000,1,14,144482693
100000,1,15,81847995
100000,1,16,76500906
100000,1,17,77222925
100000,1,18,102817688
100000,1,19,121921897
100000,1,20,136952343
100000,1,21,54743819
100000,1,22,94551632
100000,1,23,95232053
100000,1,24,101637746
100000,1,25,90023188
100000,1,26,110457318
100000,1,27,124492054
100000,1,28,118058191
100000,1,29,90373627
100000,1,30,150159373
100000,1,31,176349514
100000,1,32,164781458
100000,1,33,103610445
100000,1,34,113945097
100000,1,35,111843861
100000,1,36,107664631
100000,1,37,97558268
100000,1,38,182513570
100000,1,39,117308153
100000,1,40,126338980
100000,1,41,128305736
100000,1,42,182572350
100000,1,43,130725104
100000,1,44,85017203
100000,1,45,83882515
100000,1,46,74441981
100000,1,47,86223212
100000,1,48,101555922
100000,1,49,120070424
100000,1,50,193224055
100000,1,51,98816729
100000,1,52,113744908
100000,1,53,109512049
100000,1,54,196711182
100000,1,55,250055420
100000,1,56,46995370
100000,1,57,141894215
100000,1,58,127979550
100000,1,59,105242310
100000,1,60,122288012
100000,1,61,112483610
100000,1,62,71626663
100000,1,63,104400851
100000,1,64,121339095
100000,1,65,120320421
100000,1,66,121961627
100000,1,67,107654376
100000,1,68,111812012
100000,1,69,140902155
100000,1,70,97882384
100000,1,71,206698678
100000,1,72,219874516
100000,1,73,95614165
100000,1,74,103562588
100000,1,75,155533211
100000,1,76,105624944
100000,1,77,198884011
100000,1,78,87334676
100000,1,79,104163481
100000,1,80,115084793
100000,1,81,45209575
100000,1,82,145961611
100000,1,83,89527623
100000,1,84,157555713
100000,1,85,87942361
100000,1,86,82297617
100000,1,87,133838740
100000,1,88,87104179
100000,1,89,112426667
100000,1,90,101236286
100000,1,91,132709219
100000,1,92,109971199
100000,1,93,110516254
100000,1,94,140174942
100000,1,95,94031680
100000,1,96,122148455
100000,1,97,165772613
100000,1,98,119542906
100000,1,99,171372515
100000,10,0,1565797904
100000,10,1,1212790712
100000,10,2,1079065128
100000,10,3,1133617060
100000,10,4,1363446567
100000,10,5,1073669562
100000,10,6,1100766047
100000,10,7,1012590270
100000,10,8,1094671963
100000,10,9,1086311658
100000,10,10,1325111106
100000,10,11,1301288023
100000,10,12,1003625006
100000,10,13,1114960035
100000,10,14,1373995527
100000,10,15,1201749560
100000,10,16,1126631552
100000,10,17,1149450067
100000,10,18,1155394501
100000,10,19,1198694573
100000,10,20,1205340191
100000,10,21,1272857721
100000,10,22,1005232380
100000,10,23,1138396021
100000,10,24,1139343339
100000,10,25,1021706881
100000,10,26,1236718506
100000,10,27,1102635893
100000,10,28,1169097110
100000,10,29,1137798202
100000,10,30,953003199
100000,10,31,1136762805
100000,10,32,1048958748
100000,10,33,1110536370
100000,10,34,1673925491
100000,10,35,1330492594
100000,10,36,1186813461
100000,10,37,1250430770
100000,10,38,1415165805
100000,10,39,1758064237
100000,10,40,2806999638
100000,10,41,1545600035
100000,10,42,1384549559
100000,10,43,1059764185
100000,10,44,1251288009
100000,10,45,1325451622
100000,10,46,1321592800
100000,10,47,1132213725
100000,10,48,1054099200
100000,10,49,1296106620
100000,10,50,1016423237
100000,10,51,1350116168
100000,10,52,1415680930
100000,10,53,1064860973
100000,10,54,1733019960
100000,10,55,1494734203
100000,10,56,1549905527
100000,10,57,1320940968
100000,10,58,1311938715
100000,10,59,1527123731
100000,10,60,1386711155
100000,10,61,1317723309
100000,10,62,1345187585
100000,10,63,1268202647
100000,10,64,1241717045
100000,10,65,1853242049
100000,10,66,1224382361
100000,10,67,1538206621
100000,10,68,1154132968
100000,10,69,1506688988
100000,10,70,1473260608
100000,10,71,1139159452
100000,10,72,1391165737
100000,10,73,1430470193
100000,10,74,1477434134
100000,10,75,1444314885
100000,10,76,1180793691
100000,10,77,1893197342
100000,10,78,1373668937
100000,10,79,1442280202
100000,10,80,1360837792
100000,10,81,1585879920
100000,10,82,1744397945
100000,10,83,1322327732
100000,10,84,1662879507
100000,10,85,1390824399
100000,10,86,1078637719
100000,10,87,1332927038
100000,10,88,1371257784
100000,10,89,1420882460
100000,10,90,1306765379
100000,10,91,1360806465
100000,10,92,1143005173
100000,10,93,1219087981
100000,10,94,1425860152
100000,10,95,1078399668
100000,10,96,1210953745
100000,10,97,1234915847
100000,10,98,1765042821
100000,10,99,1451479269
100000,25,0,3480136056
100000,25,1,3257448186
100000,25,2,3248933348
100000,25,3,2923117348
100000,25,4,3365002827
100000,25,5,3354723901
100000,25,6,3176212819
100000,25,7,3212102995
100000,25,8,3161426495
100000,25,9,3415421590
100000,25,10,3763116794
100000,25,11,3180688079
100000,25,12,3334824624
100000,25,13,2751202653
100000,25,14,2956670228
100000,25,15,2756463616
100000,25,16,3018521066
100000,25,17,2839256832
100000,25,18,2818350477
100000,25,19,3349727046
100000,25,20,3093811600
100000,25,21,3009182045
100000,25,22,2709094235
100000,25,23,3726449774
100000,25,24,3509986984
100000,25,25,2738245121
100000,25,26,2749089554
100000,25,27,2844577609
100000,25,28,3003953767
100000,25,29,3142205810
100000,25,30,3198952962
100000,25,31,2917441297
100000,25,32,3794676821
100000,25,33,3148752052
100000,25,34,3142181412
100000,25,35,3032945902
100000,25,36,2998380538
100000,25,37,2924678301
100000,25,38,3326969371
100000,25,39,3032024882
100000,25,40,3071466720
100000,25,41,3400835081
100000,25,42,3390757113
100000,25,43,2724921229
100000,25,44,2838250438
100000,25,45,3259374976
100000,25,46,2762637418
100000,25,47,3025222032
100000,25,48,2909210381
100000,25,49,2870825104
100000,25,50,3243174329
100000,25,51,2976682727
100000,25,52,3246646263
100000,25,53,2809423756
100000,25,54,2849491339
100000,25,55,2719426997
100000,25,56,2889956097
100000,25,57,2664909848
100000,25,58,2961992291
100000,25,59,2834257105
100000,25,60,3122903461
100000,25,61,3085330736
100000,25,62,3065835714
100000,25,63,3359076547
100000,25,64,2947647846
100000,25,65,3217143253
100000,25,66,2897600956
100000,25,67,3143566530
100000,25,68,3813295424
100000,25,69,3245961351
100000,25,70,3010405413
100000,25,71,2642849980
100000,25,72,3128448966
100000,25,73,2727449929
100000,25,74,3125452354
100000,25,75,2980831970
100000,25,76,3193976248
100000,25,77,2756443921
100000,25,78,3118356339
100000,25,79,3527418114
100000,25,80,3177881840
100000,25,81,3019403006
100000,25,82,3089158486
100000,25,83,3073178416
100000,25,84,2892702030
100000,25,85,3435113157
100000,25,86,3007439379
100000,25,87,2881380081
100000,25,88,2837201144
100000,25,89,2985744739
100000,25,90,2718429090
100000,25,91,2889667589
100000,25,92,2973664542
100000,25,93,2974045717
100000,25,94,2574276847
100000,25,95,2844056074
100000,25,96,3129062900
100000,25,97,3014166037
100000,25,98,2734805349
100000,25,99,3087660608
100000,50,0,5942033403
100000,50,1,6812935956
100000,50,2,6025984468
100000,50,3,5698934932
100000,50,4,5863270983
100000,50,5,5906491937
100000,50,6,5386908846
100000,50,7,5959161528
100000,50,8,6185300483
100000,50,9,6144985162
100000,50,10,6889171285
100000,50,11,5897152811
100000,50,12,6172195055
100000,50,13,6628225286
100000,50,14,5965879305
100000,50,15,5805686281
100000,50,16,5883144003
100000,50,17,6076342976
100000,50,18,5567999852
100000,50,19,6120292039
100000,50,20,5753770905
100000,50,21,6002496109
100000,50,22,5201511813
100000,50,23,5644310817
100000,50,24,5662571316
100000,50,25,5654533634
100000,50,26,5393682387
100000,50,27,5462723395
100000,50,28,5612132183
100000,50,29,5968509460
100000,50,30,6099374754
100000,50,31,5687667619
100000,50,32,6000916055
100000,50,33,5912336860
100000,50,34,5663319146
100000,50,35,5912023710
100000,50,36,6603266848
100000,50,37,6421341105
100000,50,38,6290393385
100000,50,39,5924596701
100000,50,40,6451799856
100000,50,41,6440270931
100000,50,42,6144696466
100000,50,43,6318566828
100000,50,44,6379987998
100000,50,45,6319601796
100000,50,46,5649803830
100000,50,47,5853225803
100000,50,48,5794030682
100000,50,49,5895539071
100000,50,50,5725421190
100000,50,51,6179064851
100000,50,52,5736855178
100000,50,53,5584466244
100000,50,54,5915970325
100000,50,55,6125295389
100000,50,56,5939255081
100000,50,57,5701276557
100000,50,58,5300439561
100000,50,59,5955893025
100000,50,60,6777074072
100000,50,61,6743143454
100000,50,62,5621336302
100000,50,63,6139207201
100000,50,64,6080785410
100000,50,65,6319163249
100000,50,66,5299316235
100000,50,67,6147908782
100000,50,68,5840580038
100000,50,69,6047481874
100000,50,70,5821540321
100000,50,71,5697446474
100000,50,72,5452666474
100000,50,73,5854379811
100000,50,74,5781489902
100000,50,75,6133344885
100000,50,76,5820674757
100000,50,77,5710818517
100000,50,78,5801750344
100000,50,79,5810785868
100000,50,80,5527860013
100000,50,81,5784861204
100000,50,82,5480857183
100000,50,83,6074147714
100000,50,84,6574175736
100000,50,85,5938134469
100000,50,86,5902268507
100000,50,87,6598514963
100000,50,88,6756180640
100000,50,89,6229641258
100000,50,90,6689977509
100000,50,91,6087644495
100000,50,92,6415745111
100000,50,93,5812681677
100000,50,94,5327212250
100000,50,95,5590768680
100000,50,96,6167236013
100000,50,97,5606058847
100000,50,98,6018694073
100000,50,99,5700032888
100000,100,0,11829634664
100000,100,1,11819291679
100000,100,2,12699703870
100000,100,3,12198323069
100000,100,4,12840471167
100000,100,5,12130627804
100000,100,6,11904573822
100000,100,7,12548788139
100000,100,8,14027491711
100000,100,9,16139502314
100000,100,10,12470110800
100000,100,11,11860671905
100000,100,12,15474686590
100000,100,13,13196240428
100000,100,14,13266912548
100000,100,15,12591963437
100000,100,16,12126324366
100000,100,17,11411636928
100000,100,18,11991020588
100000,100,19,12425479211
100000,100,20,12175547642
100000,100,21,11717989608
100000,100,22,11121313395
100000,100,23,11499489168
100000,100,24,11646005337
100000,100,25,12669223528
100000,100,26,11884890575
100000,100,27,11854631832
100000,100,28,12790635466
100000,100,29,11982722911
100000,100,30,11525238041
100000,100,31,11522611681
100000,100,32,11726434548
100000,100,33,12053335886
100000,100,34,10783494411
100000,100,35,11259187398
100000,100,36,13223130893
100000,100,37,12217308165
100000,100,38,12819010847
100000,100,39,12538410310
100000,100,40,12672132592
100000,100,41,12204192499
100000,100,42,11893724890
100000,100,43,11930505875
100000,100,44,11412412539
100000,100,45,11285683286
100000,100,46,11366418017
100000,100,47,11801874179
100000,100,48,11368963182
100000,100,49,11887106888
100000,100,50,11599845464
100000,100,51,11412334589
100000,100,52,11165245477
100000,100,53,12461474586
100000,100,54,11708880840
100000,100,55,12187698657
100000,100,56,11261653115
100000,100,57,12040367818
100000,100,58,11937434923
100000,100,59,11911987130
100000,100,60,11386315813
100000,100,61,11587288966
100000,100,62,10936520238
100000,100,63,11394039947
100000,100,64,11695246131
100000,100,65,11015329367
100000,100,66,10944393257
100000,100,67,11850159714
100000,100,68,11118518573
100000,100,69,11558350238
100000,100,70,11244993051
100000,100,71,11405337909
100000,100,72,11309573602
100000,100,73,12209529660
100000,100,74,13376764537
100000,100,75,14726738667
100000,100,76,13087601918
100000,100,77,13866357643
100000,100,78,13277488011
100000,100,79,12136016454
100000,100,80,12645008721
100000,100,81,12116820918
100000,100,82,12151448712
100000,100,83,13477999874
100000,100,84,12198193313
100000,100,85,12894144952
100000,100,86,12860359105
100000,100,87,13330429214
100000,100,88,11316933757
100000,100,89,11999577528
100000,100,90,12219788611
100000,100,91,11694047703
100000,100,92,11989266534
100000,100,93,12412740526
100000,100,94,12690094275
100000,100,95,12687727705
100000,100,96,12644822368
100000,100,97,11971531553
100000,100,98,12301432043
100000,100,99,12662402275
